[
  {
    "value": "if",
    "synonyms": [
      "if"
    ]
  },
  {
    "value": "while",
    "synonyms": [
      "while"
    ]
  },
  {
    "value": "else",
    "synonyms": [
      "else"
    ]
  },
  {
    "value": "switch",
    "synonyms": [
      "switch"
    ]
  },
  {
    "value": "for",
    "synonyms": [
      "for"
    ]
  },
  {
    "value": "not",
    "synonyms": [
      "not"
    ]
  },
  {
    "value": "and",
    "synonyms": [
      "and"
    ]
  },
  {
    "value": "or",
    "synonyms": [
      "or"
    ]
  },
  {
    "value": "cin",
    "synonyms": [
      "cin"
    ]
  },
  {
    "value": "cout",
    "synonyms": [
      "cout"
    ]
  }
]