[
  {
    "id": "4e71d139-b21e-4b52-905d-805ded6d8175",
    "data": [
      {
        "text": "error ",
        "userDefined": false
      },
      {
        "text": "de",
        "meta": "@sys.ignore",
        "userDefined": false
      },
      {
        "text": " ",
        "userDefined": false
      },
      {
        "text": "compilación",
        "meta": "@sys.ignore",
        "userDefined": false
      }
    ],
    "isTemplate": false,
    "count": 0,
    "updated": 1537992062
  },
  {
    "id": "eb13be96-45be-4db0-b7f3-761e43eb845f",
    "data": [
      {
        "text": "error ",
        "userDefined": false
      },
      {
        "text": "de",
        "meta": "@sys.ignore",
        "userDefined": false
      },
      {
        "text": " compilacion",
        "userDefined": false
      }
    ],
    "isTemplate": false,
    "count": 0,
    "updated": 1537992062
  },
  {
    "id": "e8b52215-f5c5-4da3-ab67-056bdd5e4823",
    "data": [
      {
        "text": "tengo ",
        "userDefined": false
      },
      {
        "text": "un",
        "meta": "@sys.ignore",
        "userDefined": false
      },
      {
        "text": " error ",
        "userDefined": false
      },
      {
        "text": "de",
        "meta": "@sys.ignore",
        "userDefined": false
      },
      {
        "text": " compilacion",
        "userDefined": false
      }
    ],
    "isTemplate": false,
    "count": 0,
    "updated": 1537992062
  },
  {
    "id": "ff0f3904-4578-4292-9467-59c8ea6ea509",
    "data": [
      {
        "text": "tengo ",
        "userDefined": false
      },
      {
        "text": "un",
        "meta": "@sys.ignore",
        "userDefined": false
      },
      {
        "text": " error",
        "userDefined": false
      }
    ],
    "isTemplate": false,
    "count": 1,
    "updated": 1537992062
  },
  {
    "id": "cfa3b0f0-94ff-48ce-a784-4c536f99b7e0",
    "data": [
      {
        "text": "error",
        "userDefined": false
      }
    ],
    "isTemplate": false,
    "count": 3,
    "updated": 0
  },
  {
    "id": "fe37979c-0c75-41d3-8aa4-97947a08adc9",
    "data": [
      {
        "text": "errores",
        "userDefined": false
      }
    ],
    "isTemplate": false,
    "count": 1,
    "updated": 0
  },
  {
    "id": "49abec49-3989-41eb-bbd0-bac3eac5ac8e",
    "data": [
      {
        "text": "me aparece ",
        "userDefined": false
      },
      {
        "text": "un",
        "meta": "@sys.ignore",
        "userDefined": false
      },
      {
        "text": " error",
        "userDefined": false
      }
    ],
    "isTemplate": false,
    "count": 0,
    "updated": 1537992062
  },
  {
    "id": "22470e78-2325-41ed-8fae-6ce12e5b1324",
    "data": [
      {
        "text": "ayuda con ",
        "userDefined": false
      },
      {
        "text": "un",
        "meta": "@sys.ignore",
        "userDefined": false
      },
      {
        "text": " error",
        "userDefined": false
      }
    ],
    "isTemplate": false,
    "count": 0,
    "updated": 1537992062
  },
  {
    "id": "2c82d9df-29b6-4075-aa2d-6a59ba6eb60f",
    "data": [
      {
        "text": "aparece ",
        "userDefined": false
      },
      {
        "text": "un",
        "meta": "@sys.ignore",
        "userDefined": false
      },
      {
        "text": " error",
        "userDefined": false
      }
    ],
    "isTemplate": false,
    "count": 0,
    "updated": 1537992062
  }
]