[
  {
    "id": "be82f22b-8961-4166-827f-a492eb46747a",
    "data": [
      {
        "text": "cout",
        "alias": "Operadores",
        "meta": "@Operadores",
        "userDefined": false
      }
    ],
    "isTemplate": false,
    "count": 0,
    "updated": 1537907654
  },
  {
    "id": "293c907c-2940-4eba-a399-a14a4d4cccac",
    "data": [
      {
        "text": "que es ",
        "userDefined": false
      },
      {
        "text": "un",
        "meta": "@sys.ignore",
        "userDefined": false
      },
      {
        "text": " ",
        "userDefined": false
      },
      {
        "text": "cout",
        "alias": "Operadores",
        "meta": "@Operadores",
        "userDefined": false
      }
    ],
    "isTemplate": false,
    "count": 0,
    "updated": 1537991588
  },
  {
    "id": "6df08f36-204e-4b3c-84c5-106706eb04e2",
    "data": [
      {
        "text": "como se usa ",
        "userDefined": false
      },
      {
        "text": "un",
        "meta": "@sys.ignore",
        "userDefined": false
      },
      {
        "text": " ",
        "userDefined": false
      },
      {
        "text": "cout",
        "alias": "Operadores",
        "meta": "@Operadores",
        "userDefined": false
      }
    ],
    "isTemplate": false,
    "count": 0,
    "updated": 1537991588
  },
  {
    "id": "dd104a83-053b-47d6-b6bb-a16bee5a06b4",
    "data": [
      {
        "text": "para que sirve ",
        "userDefined": false
      },
      {
        "text": "cout",
        "alias": "Operadores",
        "meta": "@Operadores",
        "userDefined": false
      },
      {
        "text": "?",
        "userDefined": false
      }
    ],
    "isTemplate": false,
    "count": 1,
    "updated": 1537907654
  },
  {
    "id": "d9742937-be61-4c91-949f-b93c64377288",
    "data": [
      {
        "text": "definicion",
        "alias": "Tipo_de_Pregunta",
        "meta": "@Tipo_de_Pregunta",
        "userDefined": false
      },
      {
        "text": " de ",
        "userDefined": false
      },
      {
        "text": "cout",
        "alias": "Operadores",
        "meta": "@Operadores",
        "userDefined": false
      }
    ],
    "isTemplate": false,
    "count": 0,
    "updated": 1537907654
  },
  {
    "id": "8a0c52ff-bff8-4a0c-8c2e-4a97c3431340",
    "data": [
      {
        "text": "que es ",
        "userDefined": false
      },
      {
        "text": "un",
        "meta": "@sys.ignore",
        "userDefined": false
      },
      {
        "text": " ",
        "userDefined": false
      },
      {
        "text": "cout",
        "alias": "Operadores",
        "meta": "@Operadores",
        "userDefined": false
      },
      {
        "text": "?",
        "userDefined": false
      }
    ],
    "isTemplate": false,
    "count": 0,
    "updated": 1537991588
  },
  {
    "id": "6d0fdab6-9ab7-4562-9709-02c5951afc0e",
    "data": [
      {
        "text": "define",
        "alias": "Tipo_de_Pregunta",
        "meta": "@Tipo_de_Pregunta",
        "userDefined": true
      },
      {
        "text": " ",
        "userDefined": false
      },
      {
        "text": "cout",
        "alias": "Operadores",
        "meta": "@Operadores",
        "userDefined": true
      }
    ],
    "isTemplate": false,
    "count": 0,
    "updated": 1537907378
  },
  {
    "id": "a95f3653-7446-4c3f-a203-f5a35dffcc68",
    "data": [
      {
        "text": "que es ",
        "userDefined": false
      },
      {
        "text": "cout",
        "alias": "Operadores",
        "meta": "@Operadores",
        "userDefined": true
      }
    ],
    "isTemplate": false,
    "count": 0,
    "updated": 1537907378
  }
]