[
  {
    "id": "1c9b9bb1-5c31-44fc-8a63-ca9412eca83e",
    "data": [
      {
        "text": "la ",
        "userDefined": false
      },
      {
        "text": "definicion",
        "alias": "Tipo_de_Pregunta",
        "meta": "@Tipo_de_Pregunta",
        "userDefined": false
      }
    ],
    "isTemplate": false,
    "count": 1,
    "updated": 0
  },
  {
    "id": "84cd5843-586e-4548-9c3d-8efa439fbc6c",
    "data": [
      {
        "text": "que es ",
        "userDefined": false
      },
      {
        "text": "un",
        "alias": "time",
        "meta": "@sys.time",
        "userDefined": false
      },
      {
        "text": " ",
        "userDefined": false
      },
      {
        "text": "for",
        "alias": "Operadores",
        "meta": "@Operadores",
        "userDefined": false
      }
    ],
    "isTemplate": false,
    "count": 1,
    "updated": 0
  },
  {
    "id": "a5ff825c-5703-4272-9167-70234e197b2a",
    "data": [
      {
        "text": "la ",
        "userDefined": false
      },
      {
        "text": "definicion",
        "alias": "Tipo_de_Pregunta",
        "meta": "@Tipo_de_Pregunta",
        "userDefined": false
      },
      {
        "text": " porfavor",
        "userDefined": false
      }
    ],
    "isTemplate": false,
    "count": 0,
    "updated": 1538061493
  },
  {
    "id": "24664aa1-f060-4634-b6b2-a26b2ee21d39",
    "data": [
      {
        "text": "cual es su ",
        "userDefined": false
      },
      {
        "text": "definicion",
        "alias": "Tipo_de_Pregunta",
        "meta": "@Tipo_de_Pregunta",
        "userDefined": false
      }
    ],
    "isTemplate": false,
    "count": 0,
    "updated": 1538061493
  },
  {
    "id": "9e8cf14b-9991-4739-ba4a-b00718048467",
    "data": [
      {
        "text": "definicion",
        "alias": "Tipo_de_Pregunta",
        "meta": "@Tipo_de_Pregunta",
        "userDefined": false
      }
    ],
    "isTemplate": false,
    "count": 0,
    "updated": 1538061493
  },
  {
    "id": "3f360b71-b2cb-46dc-a648-ffd907c703d2",
    "data": [
      {
        "text": "dame la ",
        "userDefined": false
      },
      {
        "text": "definicion",
        "alias": "Tipo_de_Pregunta",
        "meta": "@Tipo_de_Pregunta",
        "userDefined": false
      }
    ],
    "isTemplate": false,
    "count": 0,
    "updated": 1538061493
  },
  {
    "id": "db7824bc-1d54-45a1-8cb2-c163931f8aeb",
    "data": [
      {
        "text": "si quiero la ",
        "userDefined": false
      },
      {
        "text": "definicion",
        "alias": "Tipo_de_Pregunta",
        "meta": "@Tipo_de_Pregunta",
        "userDefined": false
      }
    ],
    "isTemplate": false,
    "count": 0,
    "updated": 1538061493
  },
  {
    "id": "c3ec276f-6264-49eb-a644-2fa6e13d62b8",
    "data": [
      {
        "text": "define",
        "alias": "Tipo_de_Pregunta",
        "meta": "@Tipo_de_Pregunta",
        "userDefined": false
      },
      {
        "text": " ",
        "userDefined": false
      },
      {
        "text": "for",
        "alias": "Operadores",
        "meta": "@Operadores",
        "userDefined": false
      }
    ],
    "isTemplate": false,
    "count": 0,
    "updated": 1538061493
  },
  {
    "id": "753de27b-e0ea-4b72-afe5-5b7ee0f136d0",
    "data": [
      {
        "text": "que significa ",
        "userDefined": false
      },
      {
        "text": "for",
        "alias": "Operadores",
        "meta": "@Operadores",
        "userDefined": false
      }
    ],
    "isTemplate": false,
    "count": 0,
    "updated": 1538061493
  },
  {
    "id": "1513ff8f-dca0-4abf-ad67-151c9afb1b2c",
    "data": [
      {
        "text": "cual es el significado ",
        "userDefined": false
      },
      {
        "text": "de",
        "alias": "Tipo_de_Pregunta",
        "meta": "@Tipo_de_Pregunta",
        "userDefined": false
      },
      {
        "text": " ",
        "userDefined": false
      },
      {
        "text": "for",
        "alias": "Operadores",
        "meta": "@Operadores",
        "userDefined": false
      }
    ],
    "isTemplate": false,
    "count": 0,
    "updated": 1538061493
  },
  {
    "id": "0afbaa9b-9edb-492a-8f69-9ed1ea38f352",
    "data": [
      {
        "text": "que es ",
        "userDefined": false
      },
      {
        "text": "for",
        "alias": "Operadores",
        "meta": "@Operadores",
        "userDefined": false
      }
    ],
    "isTemplate": false,
    "count": 0,
    "updated": 1538061493
  }
]