[
  {
    "id": "6110f6ef-3cea-432c-bde8-411a226d032b",
    "data": [
      {
        "text": "como se escribe",
        "userDefined": false
      }
    ],
    "isTemplate": false,
    "count": 0,
    "updated": 1538063780
  },
  {
    "id": "2e5ef6e5-8f2d-48bc-8284-65de4383de83",
    "data": [
      {
        "text": "me gustaria saber el ",
        "userDefined": false
      },
      {
        "text": "sintaxis",
        "alias": "Tipo_de_Pregunta",
        "meta": "@Tipo_de_Pregunta",
        "userDefined": false
      }
    ],
    "isTemplate": false,
    "count": 0,
    "updated": 1538062225
  },
  {
    "id": "e9533e4c-19ab-4c10-880f-9769b315f7e6",
    "data": [
      {
        "text": "su ",
        "userDefined": false
      },
      {
        "text": "sintaxis",
        "alias": "Tipo_de_Pregunta",
        "meta": "@Tipo_de_Pregunta",
        "userDefined": false
      }
    ],
    "isTemplate": false,
    "count": 0,
    "updated": 1538062225
  },
  {
    "id": "1b7ef925-09b7-4963-8d35-59ab9c8bccf0",
    "data": [
      {
        "text": "el ",
        "userDefined": false
      },
      {
        "text": "sintaxis",
        "alias": "Tipo_de_Pregunta",
        "meta": "@Tipo_de_Pregunta",
        "userDefined": false
      }
    ],
    "isTemplate": false,
    "count": 0,
    "updated": 1538062225
  },
  {
    "id": "3c402c07-cc03-4ef2-9472-5a3d8b6fefe7",
    "data": [
      {
        "text": "dame la ",
        "userDefined": false
      },
      {
        "text": "sintaxis",
        "alias": "Tipo_de_Pregunta",
        "meta": "@Tipo_de_Pregunta",
        "userDefined": false
      }
    ],
    "isTemplate": false,
    "count": 0,
    "updated": 1538062225
  },
  {
    "id": "e841b317-0d19-492a-b967-cf9d343baf07",
    "data": [
      {
        "text": "quiero la ",
        "userDefined": false
      },
      {
        "text": "sintaxis",
        "alias": "Tipo_de_Pregunta",
        "meta": "@Tipo_de_Pregunta",
        "userDefined": false
      }
    ],
    "isTemplate": false,
    "count": 0,
    "updated": 1538062225
  },
  {
    "id": "1b6787fc-e056-41aa-8ae4-f83c103d1f36",
    "data": [
      {
        "text": "cual es su ",
        "userDefined": false
      },
      {
        "text": "sintaxis",
        "alias": "Tipo_de_Pregunta",
        "meta": "@Tipo_de_Pregunta",
        "userDefined": false
      }
    ],
    "isTemplate": false,
    "count": 0,
    "updated": 1538062225
  },
  {
    "id": "0a616039-1652-4f67-aea4-1dea709270c7",
    "data": [
      {
        "text": "la ",
        "userDefined": false
      },
      {
        "text": "sintaxis",
        "alias": "Tipo_de_Pregunta",
        "meta": "@Tipo_de_Pregunta",
        "userDefined": false
      }
    ],
    "isTemplate": false,
    "count": 0,
    "updated": 1538062225
  },
  {
    "id": "62f7a3f0-cb1b-4772-abe9-c1e1af4412f8",
    "data": [
      {
        "text": "como se escribe un switch",
        "userDefined": false
      }
    ],
    "isTemplate": false,
    "count": 0,
    "updated": 1538063780
  },
  {
    "id": "9e526de7-c53e-412c-8712-78235ccc16be",
    "data": [
      {
        "text": "me gustaria saber el ",
        "userDefined": false
      },
      {
        "text": "sintaxis",
        "alias": "Tipo_de_Pregunta",
        "meta": "@Tipo_de_Pregunta",
        "userDefined": false
      },
      {
        "text": " ",
        "userDefined": false
      },
      {
        "text": "de",
        "meta": "@sys.ignore",
        "userDefined": false
      },
      {
        "text": " ",
        "userDefined": false
      },
      {
        "text": "switch",
        "alias": "Operadores",
        "meta": "@Operadores",
        "userDefined": false
      }
    ],
    "isTemplate": false,
    "count": 0,
    "updated": 1538063206
  },
  {
    "id": "be68b77d-7668-4921-ac98-f36dff8ff74c",
    "data": [
      {
        "text": "dame el ",
        "userDefined": false
      },
      {
        "text": "sintaxis",
        "alias": "Tipo_de_Pregunta",
        "meta": "@Tipo_de_Pregunta",
        "userDefined": false
      },
      {
        "text": " de ",
        "userDefined": false
      },
      {
        "text": "switch",
        "alias": "Operadores",
        "meta": "@Operadores",
        "userDefined": true
      }
    ],
    "isTemplate": false,
    "count": 0,
    "updated": 1538072142
  },
  {
    "id": "807350fc-cab3-44b5-8da5-ffce85a57672",
    "data": [
      {
        "text": "cual es el ",
        "userDefined": false
      },
      {
        "text": "sintaxis",
        "alias": "Tipo_de_Pregunta",
        "meta": "@Tipo_de_Pregunta",
        "userDefined": false
      },
      {
        "text": " de ",
        "userDefined": false
      },
      {
        "text": "switch",
        "alias": "Operadores",
        "meta": "@Operadores",
        "userDefined": true
      }
    ],
    "isTemplate": false,
    "count": 0,
    "updated": 1538072142
  },
  {
    "id": "efb8fef6-ea5b-46dc-85da-13c5de29106f",
    "data": [
      {
        "text": "como se usa el ",
        "userDefined": false
      },
      {
        "text": "switch",
        "alias": "Operadores",
        "meta": "@Operadores",
        "userDefined": true
      }
    ],
    "isTemplate": false,
    "count": 0,
    "updated": 1538072142
  }
]