[
  {
    "id": "0c9f352a-48fa-41b7-b532-54e49638045a",
    "data": [
      {
        "text": "no, gracias",
        "userDefined": false
      }
    ],
    "isTemplate": false,
    "count": 0,
    "updated": 1538149310
  },
  {
    "id": "94773cc1-12aa-4ccc-b317-b09568c9beeb",
    "data": [
      {
        "text": "no gracias",
        "userDefined": false
      }
    ],
    "isTemplate": false,
    "count": 1,
    "updated": 1537886435
  },
  {
    "id": "15f508d7-fd26-4d94-8cbc-fd888375e840",
    "data": [
      {
        "text": "no quiero",
        "userDefined": false
      }
    ],
    "isTemplate": false,
    "count": 0,
    "updated": 1537886435
  },
  {
    "id": "3232475b-74fe-4063-a864-15f15d40503a",
    "data": [
      {
        "text": "No",
        "userDefined": false
      }
    ],
    "isTemplate": false,
    "count": 0,
    "updated": 1537886435
  }
]