[
  {
    "id": "a980d615-2d2a-4f84-85ad-ad75015fcec8",
    "data": [
      {
        "text": "adios gracias",
        "userDefined": false
      }
    ],
    "isTemplate": false,
    "count": 0,
    "updated": 1537992317
  },
  {
    "id": "f9a4a12d-b120-4265-8199-77ae7463f278",
    "data": [
      {
        "text": "nos vemos",
        "userDefined": false
      }
    ],
    "isTemplate": false,
    "count": 0,
    "updated": 1537992317
  },
  {
    "id": "ba3d5557-0453-4ddf-8e0a-493de0dd4dc8",
    "data": [
      {
        "text": "adios",
        "userDefined": false
      }
    ],
    "isTemplate": false,
    "count": 0,
    "updated": 1537992317
  },
  {
    "id": "a2a41a81-3a78-44a2-9598-583f51ee8d5c",
    "data": [
      {
        "text": "hasta luego",
        "userDefined": false
      }
    ],
    "isTemplate": false,
    "count": 0,
    "updated": 1537992317
  },
  {
    "id": "a12ec478-a476-423c-8efd-c913a7b8851f",
    "data": [
      {
        "text": "seria todo gracias!",
        "userDefined": false
      }
    ],
    "isTemplate": false,
    "count": 0,
    "updated": 1537992317
  }
]