[
  {
    "id": "0d6f8e7e-222f-4a89-85b9-f2d411d9997e",
    "data": [
      {
        "text": "como e",
        "userDefined": false
      }
    ],
    "isTemplate": false,
    "count": 0,
    "updated": 1538145355
  },
  {
    "id": "4c069760-bc63-4572-8af7-aae4f1f260d1",
    "data": [
      {
        "text": "como va todo?",
        "userDefined": false
      }
    ],
    "isTemplate": false,
    "count": 0,
    "updated": 1538145214
  },
  {
    "id": "26f51e06-ae1f-49dc-854a-29c5efc282a2",
    "data": [
      {
        "text": "¿como estás?",
        "userDefined": false
      }
    ],
    "isTemplate": false,
    "count": 0,
    "updated": 1538145214
  },
  {
    "id": "6e2f6a5e-65de-4094-b5bb-f8a5bb4af76b",
    "data": [
      {
        "text": "como estás?",
        "userDefined": false
      }
    ],
    "isTemplate": false,
    "count": 0,
    "updated": 1538145214
  },
  {
    "id": "b89d02cc-e72c-433a-8d18-3e0a39196673",
    "data": [
      {
        "text": "como estas?",
        "userDefined": false
      }
    ],
    "isTemplate": false,
    "count": 0,
    "updated": 1538145214
  }
]