[
  {
    "id": "c0ed6a54-43bd-42ba-b301-2af8e3025954",
    "data": [
      {
        "text": "otro tema",
        "userDefined": false
      }
    ],
    "isTemplate": false,
    "count": 1,
    "updated": 0
  },
  {
    "id": "243855f8-edf1-4fe6-9042-589bc0284cc8",
    "data": [
      {
        "text": "una",
        "alias": "time",
        "meta": "@sys.time",
        "userDefined": false
      },
      {
        "text": " pregunta más",
        "userDefined": false
      }
    ],
    "isTemplate": false,
    "count": 0,
    "updated": 1537900612
  },
  {
    "id": "02c693d0-6342-416f-8912-7fe18eb00bb0",
    "data": [
      {
        "text": "tengo otra duda",
        "userDefined": false
      }
    ],
    "isTemplate": false,
    "count": 0,
    "updated": 1537900612
  },
  {
    "id": "6d49e8e4-41c4-4191-9415-c129d0edc3e7",
    "data": [
      {
        "text": "tengo otra pregunta",
        "userDefined": false
      }
    ],
    "isTemplate": false,
    "count": 0,
    "updated": 1537900338
  },
  {
    "id": "7d012820-7ffd-4c8c-8ac7-3264e1ad74c8",
    "data": [
      {
        "text": "otra pregunta",
        "userDefined": false
      }
    ],
    "isTemplate": false,
    "count": 0,
    "updated": 1537900338
  },
  {
    "id": "2dc95261-0af0-4845-937a-d0ffdaa7677e",
    "data": [
      {
        "text": "si",
        "userDefined": false
      }
    ],
    "isTemplate": false,
    "count": 0,
    "updated": 1537900338
  }
]