[
  {
    "id": "41754af3-6a89-4d93-b24d-54010db9f042",
    "data": [
      {
        "text": "en donde naciste",
        "userDefined": false
      }
    ],
    "isTemplate": false,
    "count": 0,
    "updated": 1538146319
  },
  {
    "id": "cf3d5fd4-7b3d-42bf-982a-fb17cf77d916",
    "data": [
      {
        "text": "quisiera saber ",
        "userDefined": false
      },
      {
        "text": "de",
        "meta": "@sys.ignore",
        "userDefined": false
      },
      {
        "text": " donde eres",
        "userDefined": false
      }
    ],
    "isTemplate": false,
    "count": 0,
    "updated": 1538146319
  },
  {
    "id": "214d53fb-f02c-4ee1-b6ba-12805aaa133b",
    "data": [
      {
        "text": "dime ",
        "userDefined": false
      },
      {
        "text": "de",
        "meta": "@sys.ignore",
        "userDefined": false
      },
      {
        "text": " donde eres",
        "userDefined": false
      }
    ],
    "isTemplate": false,
    "count": 0,
    "updated": 1538146319
  }
]