[
  {
    "id": "714d52e6-c4e0-43a8-b753-8e4952d2cb33",
    "data": [
      {
        "text": "estas ahí?",
        "userDefined": false
      }
    ],
    "isTemplate": false,
    "count": 0,
    "updated": 1538146455
  },
  {
    "id": "9aa48866-b2ed-43c3-95d2-71b36bdce6be",
    "data": [
      {
        "text": "estas aqui",
        "userDefined": false
      }
    ],
    "isTemplate": false,
    "count": 0,
    "updated": 1538146455
  },
  {
    "id": "7c44f539-709e-4d52-b9e0-82802c27e875",
    "data": [
      {
        "text": "estas ahi",
        "userDefined": false
      }
    ],
    "isTemplate": false,
    "count": 0,
    "updated": 1538146455
  }
]