[
  {
    "id": "f41ff520-7b5a-4c0b-8263-b2b6aa45671f",
    "data": [
      {
        "text": "quienes te programaron",
        "userDefined": false
      }
    ],
    "isTemplate": false,
    "count": 0,
    "updated": 1538146844
  },
  {
    "id": "64fed631-ef65-4cc2-9737-b2aa443a2067",
    "data": [
      {
        "text": "quien te programo?",
        "userDefined": false
      }
    ],
    "isTemplate": false,
    "count": 0,
    "updated": 1538146844
  },
  {
    "id": "1af9a3b4-55bf-420c-b5b0-4a37e9634570",
    "data": [
      {
        "text": "quien te hizo",
        "userDefined": false
      }
    ],
    "isTemplate": false,
    "count": 0,
    "updated": 1538146844
  },
  {
    "id": "b748fc8d-6f37-4b82-8ee8-8279300a752b",
    "data": [
      {
        "text": "quien es tu padre",
        "userDefined": false
      }
    ],
    "isTemplate": false,
    "count": 0,
    "updated": 1538146844
  },
  {
    "id": "893eb0d7-0d35-4c26-b74b-67818a8ef392",
    "data": [
      {
        "text": "quien te creo?",
        "userDefined": false
      }
    ],
    "isTemplate": false,
    "count": 0,
    "updated": 1538146844
  },
  {
    "id": "94d6946f-fe76-4a6c-a2d3-040b3ce7c77a",
    "data": [
      {
        "text": "quien es tu creador",
        "userDefined": false
      }
    ],
    "isTemplate": false,
    "count": 0,
    "updated": 1538146844
  }
]