[
  {
    "id": "c773fce3-46a9-4073-bb7f-3c3bea672cb2",
    "data": [
      {
        "text": "que eres",
        "userDefined": false
      }
    ],
    "isTemplate": false,
    "count": 0,
    "updated": 1538145572
  },
  {
    "id": "d296647d-8769-48da-abc3-b45de44e6b3b",
    "data": [
      {
        "text": "quien eres?",
        "userDefined": false
      }
    ],
    "isTemplate": false,
    "count": 0,
    "updated": 1538145572
  },
  {
    "id": "a8e537e4-7e07-4692-93b4-ec8687e723ed",
    "data": [
      {
        "text": "quiero que me cuentes mas sobre ti",
        "userDefined": false
      }
    ],
    "isTemplate": false,
    "count": 0,
    "updated": 1538145572
  },
  {
    "id": "158e1b0d-d42d-4217-9926-329cd0b9d5ad",
    "data": [
      {
        "text": "presentate ",
        "userDefined": false
      },
      {
        "text": "a",
        "meta": "@sys.ignore",
        "userDefined": false
      },
      {
        "text": " ti mismo",
        "userDefined": false
      }
    ],
    "isTemplate": false,
    "count": 0,
    "updated": 1538145572
  },
  {
    "id": "d3e30da7-3949-429d-a13e-d88bf8b5bd48",
    "data": [
      {
        "text": "describete",
        "userDefined": false
      }
    ],
    "isTemplate": false,
    "count": 0,
    "updated": 1538145572
  },
  {
    "id": "0a9fca1f-ac45-4eb0-bd27-eafdac7d86b0",
    "data": [
      {
        "text": "quiero conocerte",
        "userDefined": false
      }
    ],
    "isTemplate": false,
    "count": 0,
    "updated": 1538145572
  },
  {
    "id": "9fdcb0a5-3096-440d-b5d9-8c45bf2b4a5f",
    "data": [
      {
        "text": "cuentame ",
        "userDefined": false
      },
      {
        "text": "de",
        "meta": "@sys.ignore",
        "userDefined": false
      },
      {
        "text": " ti",
        "userDefined": false
      }
    ],
    "isTemplate": false,
    "count": 0,
    "updated": 1538145572
  },
  {
    "id": "499c5fa4-5b58-464e-98e9-322aadfeb7ec",
    "data": [
      {
        "text": "hablame ",
        "userDefined": false
      },
      {
        "text": "de",
        "meta": "@sys.ignore",
        "userDefined": false
      },
      {
        "text": " ti",
        "userDefined": false
      }
    ],
    "isTemplate": false,
    "count": 0,
    "updated": 1538145572
  },
  {
    "id": "75cb8d80-7c46-4752-8d1d-dfff53bacc97",
    "data": [
      {
        "text": "quisiera saber mas sobre ti",
        "userDefined": false
      }
    ],
    "isTemplate": false,
    "count": 0,
    "updated": 1538145572
  }
]