[
  {
    "id": "b77742e4-d697-4e5d-a5ac-8b562bf3dfc9",
    "data": [
      {
        "text": "gracias ",
        "userDefined": false
      },
      {
        "text": "julio",
        "meta": "@sys.ignore",
        "userDefined": false
      }
    ],
    "isTemplate": false,
    "count": 0,
    "updated": 1537978686
  },
  {
    "id": "f6562cf2-d897-40be-acb4-8690c57e8c7b",
    "data": [
      {
        "text": "muchas",
        "meta": "@sys.ignore",
        "userDefined": false
      },
      {
        "text": " gracias",
        "userDefined": false
      }
    ],
    "isTemplate": false,
    "count": 0,
    "updated": 1537978686
  },
  {
    "id": "21c1436d-82c9-441f-9f9f-8cd4110d02e0",
    "data": [
      {
        "text": "¡gracias!",
        "userDefined": false
      }
    ],
    "isTemplate": false,
    "count": 0,
    "updated": 1537978686
  },
  {
    "id": "542b5eed-57b6-4ae0-bcf2-02ab83b076d1",
    "data": [
      {
        "text": "Gracias!",
        "userDefined": false
      }
    ],
    "isTemplate": false,
    "count": 0,
    "updated": 1537978686
  },
  {
    "id": "77e753d8-0370-4d14-8a64-4c21e05f1155",
    "data": [
      {
        "text": "gracias",
        "userDefined": false
      }
    ],
    "isTemplate": false,
    "count": 0,
    "updated": 1537978686
  }
]