[
  {
    "id": "5c3b2da8-8baa-4b29-8d47-94cb6f69923a",
    "data": [
      {
        "text": "te puedo pedir ",
        "userDefined": false
      },
      {
        "text": "un",
        "meta": "@sys.ignore",
        "userDefined": false
      },
      {
        "text": " favor",
        "userDefined": false
      }
    ],
    "isTemplate": false,
    "count": 0,
    "updated": 1538145842
  },
  {
    "id": "7666faee-1310-44f5-9961-b80380a97565",
    "data": [
      {
        "text": "help",
        "userDefined": false
      }
    ],
    "isTemplate": false,
    "count": 0,
    "updated": 1538145842
  },
  {
    "id": "284e8088-d68c-4279-ad8d-7f820916b2da",
    "data": [
      {
        "text": "socorro",
        "meta": "@sys.ignore",
        "userDefined": false
      }
    ],
    "isTemplate": false,
    "count": 0,
    "updated": 1538145842
  },
  {
    "id": "8e1d9b25-f6e2-4a49-818b-c73573a5f5e5",
    "data": [
      {
        "text": "me ayudas?",
        "userDefined": false
      }
    ],
    "isTemplate": false,
    "count": 0,
    "updated": 1538145842
  },
  {
    "id": "85e8bee5-6c4d-44f1-b46e-f63d3deb834a",
    "data": [
      {
        "text": "ayúdame",
        "userDefined": false
      }
    ],
    "isTemplate": false,
    "count": 0,
    "updated": 1538145842
  },
  {
    "id": "d5b1ddca-3f90-40ae-8605-b8c1834eafa3",
    "data": [
      {
        "text": "me puedes ayudar?",
        "userDefined": false
      }
    ],
    "isTemplate": false,
    "count": 0,
    "updated": 1538145842
  },
  {
    "id": "7db4c398-789e-4d76-8488-fcf608ee820c",
    "data": [
      {
        "text": "ayudame con algo",
        "userDefined": false
      }
    ],
    "isTemplate": false,
    "count": 0,
    "updated": 1538145842
  },
  {
    "id": "949fec4b-da2c-402d-a33f-0c096370ee45",
    "data": [
      {
        "text": "necesito tu ayuda",
        "userDefined": false
      }
    ],
    "isTemplate": false,
    "count": 0,
    "updated": 1538145842
  }
]