[
  {
    "id": "570d915e-8a35-418e-8482-e958d8baec88",
    "data": [
      {
        "text": "no seras ",
        "userDefined": false
      },
      {
        "text": "una",
        "meta": "@sys.ignore",
        "userDefined": false
      },
      {
        "text": " maquina",
        "userDefined": false
      }
    ],
    "isTemplate": false,
    "count": 0,
    "updated": 1538146070
  },
  {
    "id": "7b526669-4b4f-45e3-8b13-f0d8f84b8ab6",
    "data": [
      {
        "text": "eres ",
        "userDefined": false
      },
      {
        "text": "un",
        "meta": "@sys.ignore",
        "userDefined": false
      },
      {
        "text": " chatbot no",
        "userDefined": false
      }
    ],
    "isTemplate": false,
    "count": 0,
    "updated": 1538146070
  },
  {
    "id": "51a5117c-31b3-4613-adf6-de530ed53b00",
    "data": [
      {
        "text": "eres ",
        "userDefined": false
      },
      {
        "text": "un",
        "meta": "@sys.ignore",
        "userDefined": false
      },
      {
        "text": " robot",
        "userDefined": false
      }
    ],
    "isTemplate": false,
    "count": 0,
    "updated": 1538146070
  },
  {
    "id": "718c99f7-d6ea-405a-979e-093887c65fc4",
    "data": [
      {
        "text": "no seras ",
        "userDefined": false
      },
      {
        "text": "un",
        "meta": "@sys.ignore",
        "userDefined": false
      },
      {
        "text": " robot",
        "userDefined": false
      }
    ],
    "isTemplate": false,
    "count": 0,
    "updated": 1538146070
  },
  {
    "id": "283fe19b-9546-4a76-98f5-c27d960a4672",
    "data": [
      {
        "text": "eres ",
        "userDefined": false
      },
      {
        "text": "un",
        "meta": "@sys.ignore",
        "userDefined": false
      },
      {
        "text": " chatbot?",
        "userDefined": false
      }
    ],
    "isTemplate": false,
    "count": 0,
    "updated": 1538146070
  },
  {
    "id": "d8cce26c-332e-48b2-9f52-615060f60b0f",
    "data": [
      {
        "text": "eres ",
        "userDefined": false
      },
      {
        "text": "un",
        "meta": "@sys.ignore",
        "userDefined": false
      },
      {
        "text": " bot?",
        "userDefined": false
      }
    ],
    "isTemplate": false,
    "count": 0,
    "updated": 1538146070
  }
]