[
  {
    "id": "5dd77a5c-23a0-4b51-93aa-5f5873f21d92",
    "data": [
      {
        "text": "no te pregunte eso",
        "userDefined": false
      }
    ],
    "isTemplate": false,
    "count": 0,
    "updated": 1538062642
  },
  {
    "id": "f68c8c33-ebce-4cb7-8538-1f19a4d081e7",
    "data": [
      {
        "text": "no es la respuesta que queria",
        "userDefined": false
      }
    ],
    "isTemplate": false,
    "count": 0,
    "updated": 1538062642
  },
  {
    "id": "41ecb3c0-44c4-4f9f-ac3b-c3fa0497105c",
    "data": [
      {
        "text": "no es lo que pregunte",
        "userDefined": false
      }
    ],
    "isTemplate": false,
    "count": 0,
    "updated": 1538062642
  },
  {
    "id": "8c11131b-238c-401d-abc7-6d77791a5d19",
    "data": [
      {
        "text": "te confundiste",
        "userDefined": false
      }
    ],
    "isTemplate": false,
    "count": 0,
    "updated": 1538062642
  },
  {
    "id": "7c14b68e-3c51-4afa-932a-8e728dbbf20c",
    "data": [
      {
        "text": "te equivocaste",
        "userDefined": false
      }
    ],
    "isTemplate": false,
    "count": 0,
    "updated": 1538062642
  }
]