[
  {
    "id": "ced4b0f4-b5c2-445c-a5e3-cf1b351e16e0",
    "data": [
      {
        "text": "sintaxis",
        "alias": "Tipo_de_Pregunta",
        "meta": "@Tipo_de_Pregunta",
        "userDefined": false
      },
      {
        "text": " ",
        "userDefined": false
      },
      {
        "text": "de",
        "meta": "@sys.ignore",
        "userDefined": false
      },
      {
        "text": " string",
        "userDefined": false
      }
    ],
    "isTemplate": false,
    "count": 0,
    "updated": 1538145623
  },
  {
    "id": "e37154ba-7b7f-49f1-b987-6e1b7fdb8e29",
    "data": [
      {
        "text": "como se usa ",
        "userDefined": false
      },
      {
        "text": "un",
        "meta": "@sys.ignore",
        "userDefined": false
      },
      {
        "text": " string",
        "userDefined": false
      }
    ],
    "isTemplate": false,
    "count": 0,
    "updated": 1538145623
  },
  {
    "id": "51b4df9d-533b-4892-830b-4965307036a9",
    "data": [
      {
        "text": "que es ",
        "userDefined": false
      },
      {
        "text": "un",
        "meta": "@sys.ignore",
        "userDefined": false
      },
      {
        "text": " string",
        "userDefined": false
      }
    ],
    "isTemplate": false,
    "count": 0,
    "updated": 1538145623
  },
  {
    "id": "206d222c-171a-4232-8190-2e18c69e0d99",
    "data": [
      {
        "text": "string",
        "userDefined": false
      }
    ],
    "isTemplate": false,
    "count": 0,
    "updated": 1538145623
  }
]