[
  {
    "id": "42a32891-d4d8-4450-b769-c91ca18d0610",
    "data": [
      {
        "text": "array",
        "userDefined": false
      }
    ],
    "isTemplate": false,
    "count": 0,
    "updated": 1538145943
  },
  {
    "id": "4a873b83-61d4-4f1b-afc4-e23085dd20a2",
    "data": [
      {
        "text": "como se usa ",
        "userDefined": false
      },
      {
        "text": "un",
        "alias": "time",
        "meta": "@sys.time",
        "userDefined": false
      },
      {
        "text": " array",
        "userDefined": false
      }
    ],
    "isTemplate": false,
    "count": 0,
    "updated": 1538145943
  },
  {
    "id": "0150682a-9513-4b21-ac85-1322cb3b5270",
    "data": [
      {
        "text": "que es ",
        "userDefined": false
      },
      {
        "text": "un",
        "alias": "time",
        "meta": "@sys.time",
        "userDefined": false
      },
      {
        "text": " array",
        "userDefined": false
      }
    ],
    "isTemplate": false,
    "count": 0,
    "updated": 1538145943
  },
  {
    "id": "01e94be7-a21e-4df5-9bb6-db691d71e514",
    "data": [
      {
        "text": "como se usa ",
        "userDefined": false
      },
      {
        "text": "un",
        "alias": "time",
        "meta": "@sys.time",
        "userDefined": false
      },
      {
        "text": " arreglo",
        "userDefined": false
      }
    ],
    "isTemplate": false,
    "count": 0,
    "updated": 1538145943
  },
  {
    "id": "fd8cf3bd-ba71-4152-8a4a-cce471dbf1c9",
    "data": [
      {
        "text": "arreglo",
        "userDefined": false
      }
    ],
    "isTemplate": false,
    "count": 0,
    "updated": 1538145943
  },
  {
    "id": "d7dd22aa-35ba-437b-a4ef-25945ce1f4df",
    "data": [
      {
        "text": "que es ",
        "userDefined": false
      },
      {
        "text": "un",
        "alias": "time",
        "meta": "@sys.time",
        "userDefined": false
      },
      {
        "text": " arreglo",
        "userDefined": false
      }
    ],
    "isTemplate": false,
    "count": 0,
    "updated": 1538145943
  }
]