[
  {
    "id": "1f7328c1-046a-4026-bdcd-4506d81d96f4",
    "data": [
      {
        "text": "la definicion de double porfavor",
        "userDefined": false
      }
    ],
    "isTemplate": false,
    "count": 0,
    "updated": 1538064427
  },
  {
    "id": "c0c60866-94f6-49fc-8753-02f7f6ee30d4",
    "data": [
      {
        "text": "cual es la definición de double",
        "userDefined": false
      }
    ],
    "isTemplate": false,
    "count": 0,
    "updated": 1538064427
  },
  {
    "id": "f08a5634-f521-453b-87b7-5cc90a62ae2a",
    "data": [
      {
        "text": "definicion double",
        "userDefined": false
      }
    ],
    "isTemplate": false,
    "count": 0,
    "updated": 1538064427
  },
  {
    "id": "bebf8d15-1388-499d-87d0-54bfdb174107",
    "data": [
      {
        "text": "dame la definicion de double",
        "userDefined": false
      }
    ],
    "isTemplate": false,
    "count": 0,
    "updated": 1538064427
  },
  {
    "id": "43d24a2b-3926-4072-8240-4fc9a3da3a19",
    "data": [
      {
        "text": "me gustaria la definicion de double",
        "userDefined": false
      }
    ],
    "isTemplate": false,
    "count": 0,
    "updated": 1538064427
  },
  {
    "id": "6ced6d70-29c6-4515-b038-52433f99fda8",
    "data": [
      {
        "text": "quiero la ",
        "userDefined": false
      },
      {
        "text": "definicion",
        "alias": "Tipo_de_Pregunta",
        "meta": "@Tipo_de_Pregunta",
        "userDefined": false
      },
      {
        "text": " ",
        "userDefined": false
      },
      {
        "text": "de",
        "alias": "Tipo_de_Pregunta1",
        "meta": "@Tipo_de_Pregunta",
        "userDefined": false
      },
      {
        "text": " double",
        "userDefined": false
      }
    ],
    "isTemplate": false,
    "count": 0,
    "updated": 1538064427
  },
  {
    "id": "5beae6ea-92a1-4654-a289-3c5438f9b559",
    "data": [
      {
        "text": "define",
        "alias": "Tipo_de_Pregunta",
        "meta": "@Tipo_de_Pregunta",
        "userDefined": false
      },
      {
        "text": " double",
        "userDefined": false
      }
    ],
    "isTemplate": false,
    "count": 0,
    "updated": 1538064427
  },
  {
    "id": "82c15331-4b38-41e6-a7e1-5b1fc200ca20",
    "data": [
      {
        "text": "cual es la ",
        "userDefined": false
      },
      {
        "text": "definicion",
        "alias": "Tipo_de_Pregunta",
        "meta": "@Tipo_de_Pregunta",
        "userDefined": false
      },
      {
        "text": " ",
        "userDefined": false
      },
      {
        "text": "de",
        "alias": "Tipo_de_Pregunta1",
        "meta": "@Tipo_de_Pregunta",
        "userDefined": false
      },
      {
        "text": " double",
        "userDefined": false
      }
    ],
    "isTemplate": false,
    "count": 0,
    "updated": 1538064427
  },
  {
    "id": "5b48315c-0091-4f9a-bc6d-1aad994cb4b9",
    "data": [
      {
        "text": "que significa double",
        "userDefined": false
      }
    ],
    "isTemplate": false,
    "count": 0,
    "updated": 1538064427
  },
  {
    "id": "af3c21a2-9575-4308-8c76-bc7411b2fb7d",
    "data": [
      {
        "text": "cual es el significado ",
        "userDefined": false
      },
      {
        "text": "de",
        "alias": "Tipo_de_Pregunta",
        "meta": "@Tipo_de_Pregunta",
        "userDefined": false
      },
      {
        "text": " ",
        "userDefined": false
      },
      {
        "text": "un",
        "alias": "number",
        "meta": "@sys.number",
        "userDefined": false
      },
      {
        "text": " double",
        "userDefined": false
      }
    ],
    "isTemplate": false,
    "count": 0,
    "updated": 1538064427
  },
  {
    "id": "8ce8e566-a597-488b-9972-9ccf98b7f287",
    "data": [
      {
        "text": "que es un double",
        "userDefined": false
      }
    ],
    "isTemplate": false,
    "count": 0,
    "updated": 1538064427
  }
]